榜单,书名,作者
玄幻奇幻,全职法师,乱
玄幻奇幻,反差调教,章鱼丸子
玄幻奇幻,我有一剑,青鸾峰上
玄幻奇幻,偷香高手无删减,六如和尚
玄幻奇幻,艳情短篇合集,艳情短篇合集
玄幻奇幻,斗罗大陆2绝世唐门,唐家三少
玄幻奇幻,淫男乱女,未知
玄幻奇幻,万古神帝,飞天鱼
玄幻奇幻,一符遮天,光明草
玄幻奇幻,人道大圣,莫默
玄幻奇幻,斗破苍穹,天蚕土豆
玄幻奇幻,秦青的幸福生活,携美游江湖
玄幻奇幻,公车系列,不详
玄幻奇幻,快穿之女配势要扑倒男主,周敏
玄幻奇幻,凌天战尊免费武,风轻扬
玄幻奇幻,纵欲返古,水塞牙
玄幻奇幻,深宫太子妃,小冤家
玄幻奇幻,我一个人砍翻乱世, 乱(书坊)
玄幻奇幻,九天邪帝,三千残梦
玄幻奇幻,宿命之环,爱潜水的乌贼
玄幻奇幻,斗罗大陆III龙王传说,唐家三少
玄幻奇幻,太荒吞天诀,铁马飞桥
玄幻奇幻,快穿之女配势要扑倒男主,茶蘼
玄幻奇幻,万相之王,天蚕土豆
玄幻奇幻,武魂罗三炮？我乃龙帝临世！,同人小扑街
玄幻奇幻,两小无猜,鲸落
玄幻奇幻,合欢宗，从教训干侄女开始长生,圆月
玄幻奇幻,诸天大融合,追鹏
玄幻奇幻,剑道第一仙,萧瑾瑜
玄幻奇幻,老张的春天,一目尽是沧桑
玄幻奇幻,段凌天是哪本小说主角,风轻扬
玄幻奇幻,猎美征途,清心倦客
玄幻奇幻,太虚至尊,苍天霸主
玄幻奇幻,被丈夫跟情敌一起囚禁操玩,xoxoxo12
玄幻奇幻,花都名器,一品甲秀
玄幻奇幻,九星霸体诀,平凡魔术师
玄幻奇幻,再世权臣, 慕离寒厉辰
玄幻奇幻,无极仙道,若德
玄幻奇幻,艳情短篇合集,艳情短篇合集
玄幻奇幻,猎艳都市,老马识途
玄幻奇幻,苟在初圣魔门当人材,鹤守月满池
玄幻奇幻,无职转生,理不尽な孙の手
玄幻奇幻,家庭乱伦系列,翁熄系列乱
玄幻奇幻,深宅旧梦,zydzyd
玄幻奇幻,逆天邪神,火星引力
玄幻奇幻,予你半城微光傅挽盛凉寻,祭川
玄幻奇幻,兄弟共妻,枫叶红
玄幻奇幻,黄金末世,小猫去钓鱼
玄幻奇幻,天尊猎艳记,天鹅湖的悲伤
玄幻奇幻,推母之道,汐
武侠仙侠,我的美女老师,陈庆之喝蔬菜汁
武侠仙侠,洪荒少年猎艳录,天地23
武侠仙侠,妻妾成群,东门吹牛
武侠仙侠,星宿劫,荆暮
武侠仙侠,大爱仙尊,古月方源
武侠仙侠,大奉打更人,卖报小郎君
武侠仙侠,大奉打更人阅读,许七安
武侠仙侠,换爱,十里秦淮
武侠仙侠,媚体,纯情少女
武侠仙侠,天下第九,鹅是老五
武侠仙侠,光阴之外,耳根
武侠仙侠,寻秦记,黄易
武侠仙侠,山河祭,姬叉
武侠仙侠,非凡人生,茶叶面包
武侠仙侠,遮天,辰东
武侠仙侠,弃宇宙,鹅是老五
武侠仙侠,灵感证道,凌虚月影
武侠仙侠,阿飞正传,泡书吧
武侠仙侠,赤心巡天,情何以甚
武侠仙侠,都市仙尊,洛书
武侠仙侠,诛仙,萧鼎
武侠仙侠,剑来,烽火戏诸侯
武侠仙侠,玄浑道章,张御
武侠仙侠,凡人双修传,金鳞庸人
武侠仙侠,日常系符师,老虚01
武侠仙侠,采阴,夜落影
武侠仙侠,大奉打更人绿改,卖报小郎君
武侠仙侠,轮回武林后宫录,天地32 著
武侠仙侠,合欢宗妖女修炼指南,南方有乔木
武侠仙侠,凡人修仙传仙界篇,忘语
武侠仙侠,聚宝仙盆,香果味奶茶
武侠仙侠,神秘复苏,佛前献花
武侠仙侠,大奉打更人,许七安
武侠仙侠,我在修仙界开创网络时代,慕木楠
武侠仙侠,被迫当众侵犯师尊之后,陆酌言
武侠仙侠,我在天庭和神君偷情的日子,电子小花
武侠仙侠,蛊真人,蛊真人
武侠仙侠,龙魂侠影,六道惊魂
武侠仙侠,魔天记,忘语
武侠仙侠,天心印,延龄客
武侠仙侠,大侠魂,花间浪子
武侠仙侠,追星逐月,金日昆仑
武侠仙侠,修真门派掌门路,蜀山刀客
武侠仙侠,洪荒少年猎艳录,天地23 - 完本神站
武侠仙侠,大侠魂-花间浪子,网络
武侠仙侠,星路仙踪,忘语
武侠仙侠,嬉游花丛,赤雪
武侠仙侠,大奉打更人h改,许七安
武侠仙侠,极品家教,马可·菠萝
武侠仙侠,不怕道友过的苦，就怕道友猛如虎,花毛峰
都市言情,妻如蜜,时慕
都市言情,流氓老师,流氓-老师
都市言情,美艳教师,温梦卿李小兵
都市言情,穿到唐朝当小姐,小水鸟
都市言情,流氓老师,夜都醉
都市言情,私人瑜伽教练,林枫秦可萱
都市言情,绝色小姨的诱惑,风晚楼
都市言情,伪装学渣,"木瓜黄，基本上是一本正经的搞笑文，关于成长的一点小事。"""
都市言情,柯南泡妞录,我爱慕容淑
都市言情,和大叔奔现后,温柔
都市言情,校花的诱惑,花开半夏
都市言情,秘密交换,蜉蝣紮蛙
都市言情,儿媳之诱,马宏马老二
都市言情,深度占有,层林尽染
都市言情,快穿之名器女配,小野猫
都市言情,深入浅出,程寻寻
都市言情,重生八一渔猎西北,羁中马
都市言情,我不是戏神,三九音域
都市言情,智障绿茶不想做替身, 慕离寒厉辰
都市言情,电工老张,陈冰免费阅读
都市言情,私人瑜伽教练,贴身教练
都市言情,都市极品医神,风会笑
都市言情,豪门浪荡史,点燃的烟
都市言情,乡野情事,夜雨花
都市言情,和嫂子同居的日子,江帆 李妍
都市言情,乡村活寡美人沟,一窝驴
都市言情,红颜政道,饿狼咆哮
都市言情,沉默的羔羊,闻香识女人
都市言情,都市奇缘,易天下
都市言情,嫂子的诱惑,千金顶
都市言情,苏晴的秘密,苏晴陆小伟
都市言情,美艳教师,温梦卿老黄
都市言情,风流少爷,至尊风流
都市言情,男朋友出轨之后,柚子多肉
都市言情,乡村女教师,村头一棵草
都市言情,诱瘾,酥软茶
都市言情,桃色仕途,请让我火
都市言情,男欢女爱陈楚刘翠,久石
都市言情,我的校花姐姐,木月
都市言情,私人瑜伽教练,大林木
都市言情,城里侄女和乡下叔叔,吾名江离
都市言情,邻家雪姨,阿傩
都市言情,换妻,作者不详
都市言情,儿媳妇,俏媳妇
都市言情,东北大炕,狗儿
都市言情,特种兵之从后勤部开始崛起,小哈VS阿拉
都市言情,老卫的儿媳妇,上船第二次
都市言情,最原始的,佚名
都市言情,衔玉,长青长白
都市言情,贵妃每天都想争宠, 慕离寒厉辰
历史军事,穿成男配的炮灰前妻,暮春之里
历史军事,他一拳能打死吕布，你管这叫谋士,丞相别浪
历史军事,赘婿,愤怒的香蕉
历史军事,北雄,河边草
历史军事,驾校情事老赵孙潇潇,老赵孙潇潇
历史军事,绝对征服系统,血月
历史军事,只想安静当个小地主，结果女帝送娃上门？,妄然
历史军事,最美不过你王浩林思佳陈宏斌,陈家小老弟
历史军事,烽火之烈焰兵锋,炼狱疯子
历史军事,我当奶妈的日子孙菲张老板,小洛
历史军事,囚春山,曲小蛐
历史军事,驾校情缘老赵孙潇潇,老赵孙潇潇
历史军事,极品家丁,禹岩
历史军事,出家为尼后，哥哥们跪求我还俗,静心
历史军事,寒门崛起,朱郎才尽
历史军事,当兵就发媳妇？我怒娶十八房老婆,糖糖六公子
历史军事,甜文女配h,一棵绿树
历史军事,致命诱惑：欲望校花闯官场,长江渔父
历史军事,锦衣春秋,沙漠
历史军事,绿帽,冰花
历史军事,红楼春梦贾宝玉和平儿,屋外风吹凉
历史军事,带着系统闯南洋,右边幸福
历史军事,绝世神偷:废柴七小姐,夜北
历史军事,被逼入赘，我种田崛起横扫天下,古明月夜
历史军事,我爸爸是穿越者,风鵿
历史军事,国家安全,广龙君
历史军事,绝色老板娘王浩林思佳,陈家小老弟
历史军事,大乾最狂驸马爷,半程烟雨
历史军事,私密保姆,小洛
历史军事,沙雕仙男穿成悲情炮灰,勺棠
历史军事,家父汉高祖,历史系之狼
历史军事,请皇兄，赴死！,煮小酒
历史军事,jing品H小说短篇合集,柔心
历史军事,逍遥四公子,宁宸雨蝶
历史军事,穿成国公府庶子考科举,周树森
历史军事,神话版三国,坟土荒草
历史军事,邪器,知乐
历史军事,我助关羽永镇山河,佚名
历史军事,我是限制文的女配,君子生
历史军事,边军悍卒,木有金箍
历史军事,南唐,南去南去
历史军事,催眠小说合集大全,多人
历史军事,穿越后宫之福孕多,彩色玉佩
历史军事,肉文女配真可怕,东南风吹
历史军事,抗战：我升官系统就爆兵,梁启文
历史军事,临高启明,吹牛者
历史军事,乡艳：狂野美人沟,寒江醉友
历史军事,超级兵王郭璞,明朝无酒
历史军事,林小乐在末世,小瓢瓢
历史军事,玄学娇妻人美心狠王爷一宠到底陆昭菱周时阅,安卿心
网游竞技,海贼：史上最强副船长,香蕉香不香
网游竞技,公路求生，我有提示系统,碳酸鱼雷
网游竞技,领主求生之天赋合成,祁开
网游竞技,小娇妻出墙记,女王不在家
网游竞技,斗破之神级反派选择,桃枝沾茶
网游竞技,万古之王,飞天神牛
网游竞技,于春日热吻,礼也
网游竞技,穿成校霸的娇软美人, 乱(书坊)
网游竞技,穿进男团选秀后,
网游竞技,妻子的外遇,没见过的东家
网游竞技,次元幻想家,深渊娜娜奇
网游竞技,那些年老王的幸福生活宋小蝶老王,老王宋小蝶小说全文免费阅读
网游竞技,变身粉色妖精，我刀哭所有玩家,床前明月地上霜
网游竞技,我能无限刷词缀,黑色暴击
网游竞技,全民巨鱼求生：我能听到巨鱼心声,失控云
网游竞技,战锤40k：从行商浪人开始,快乐摸鱼11
网游竞技,游戏金币能提现,笔若惊魂
网游竞技,天人速递,抖M殿下
网游竞技,粗大的玉茎挺进玉门,浮血兜
网游竞技,斗破苍穹改编之欲宗,琉璃狐
网游竞技,全职高手,蝴蝶蓝
网游竞技,顶级奸商：无敌从贩卖军火开始,夏天翻唱
网游竞技,网游之代练传说,大烟缸
网游竞技,我在龙族当龙王,九点羽毛
网游竞技,小寡妇二婚娇宠日常,溯时
网游竞技,权贵的五指山,卿隐
网游竞技,天才俱乐部,城城与蝉
网游竞技,笼斗之勇者无惧,郁郁蓬蒿人
网游竞技,繁衍计划,花木柔
网游竞技,世界末日之恶魔入侵,笏笙
网游竞技,我真的是游戏大神,秋度
网游竞技,最强领主：我，天使与亡灵之主,一条鼓气鱼
网游竞技,大网游时代,孤雨随风
网游竞技,魔法废土求生：我的蓝条无限长！,木屋键盘侠
网游竞技,从火影开始的世界穿越,千木花羽
网游竞技,让你写智斗，你写游戏人生？,藏晚风
网游竞技,穿成女主丫鬟后我躺平了,将月去
网游竞技,男配生子系统,竹瑶君
网游竞技,游戏降临：我要这个这个还有这个,猫不秃
网游竞技,宝可梦：在家种田的传奇训练家,我想被对的起
网游竞技,野狗骨头,休屠城
网游竞技,江山志远：杨志远飙升记,罗为辉
网游竞技,我在惊悚游戏里封神,壶鱼辣椒
网游竞技,人在忍界当剑圣,流泪笑笑犬
网游竞技,斗罗大陆堕魂乱舞1 19,帝天神王
网游竞技,抗日之兵魂传说,丑牛1985
网游竞技,乱伦大杂烩,多人
网游竞技,系统要我挖墙角,阿富大肚肚
网游竞技,破碎拂晓,九九岚
网游竞技,原神之我是至冬使节,是狐狸不是貉
科幻灵异,娇瘾,祈祷君免费阅读
科幻灵异,直播逃生游戏，丧尸王和我卿卿我我,风十彡
科幻灵异,和亲公主,宋玉悲
科幻灵异,万人迷向导：S级哨兵们的菟丝花,剡山
科幻灵异,七根凶简,尾鱼
科幻灵异,混混和他的乖乖,啊肥阿
科幻灵异,极品村长,李小乐
科幻灵异,碧梧枝上,花间一壶酒
科幻灵异,白洁,白洁
科幻灵异,神宠之天王驾到,刺猬小伙
科幻灵异,囚欢,雪落蒹葭
科幻灵异,悖论 小说流苏,流苏
科幻灵异,精灵天王,谁看得见风景
科幻灵异,桃运小村夫刘俊张晓瑶,骨朵
科幻灵异,禁区,满河星
科幻灵异,亲叔叔的飞机杯,裁风
科幻灵异,乐可,by金银花露。宠文网提供乐可免费阅读和txt下载。简介：一开
科幻灵异,穿梭在鬼片世界里的修仙者,辣一抹风光
科幻灵异,无敌龙婿,柯顾北
科幻灵异,爱你烫伤自己,夏予欢
科幻灵异,岁时有昭,八月于夏
科幻灵异,老婆老婆老婆,东度日
科幻灵异,我在修仙界大器晚成,黑心师尊
科幻灵异,穿越大明星,灯下雪月
科幻灵异,全球轮回：我预判了结局,江望月
科幻灵异,冷枫赵茗,快乐的茄子
科幻灵异,纪元崛起,眼中钉
科幻灵异,老赵沈婷,琥珀
科幻灵异,重生从废墟开始,拱西瓜的猪
科幻灵异,末日乐园,须尾俱全
科幻灵异,香软玉滑,林芍药
科幻灵异,血夜国度,秋寒冥月
科幻灵异,跟着姚师爷去盗墓,许狗儿
科幻灵异,双胞胎姐妹齐上阵,天地有缺
科幻灵异,谁干小孕妇啊,早行1V1陈屿
科幻灵异,末世：开局我夺取了SSS级异能,天降123
科幻灵异,我真不想当造物主,大个火龙果
科幻灵异,偏执太子的金丝雀飞了,旅者的斗篷
科幻灵异,故事会乱大杂烩无题,改日
科幻灵异,深入浅出,白小骨
科幻灵异,童养媳,化雪掌
科幻灵异,娇瘾,令栖
科幻灵异,我有一座火葬场,拎葫冲
科幻灵异,短篇小说合集,明目明心
科幻灵异,姐夫总是干她,一戳就咬人
科幻灵异,捉诡秘记,天涯无月
科幻灵异,末日之城,十阶浮屠
科幻灵异,十日终焉,杀虫队队员
科幻灵异,诸天幕后大老板,白色森林
科幻灵异,肥田诱人：婶子的沃土,山中巨蟒
女生频道,为所欲为,无罪国度
女生频道,一锅大肉乱炖合集,啊哈哈
女生频道,门卫老李,王强
女生频道,杂乱小说1,高辣文
女生频道,内裤奇缘,风景画
女生频道,三个儿媳妇,多人
女生频道,小骚货,十八里街禁
女生频道,肥水不流外人田,小野
女生频道,夫妻交换,不详
女生频道,人生得意须纵欢,baichi83||
女生频道,迷糊妈妈,丫辉
女生频道,翁媳乱情,奇思妙想
女生频道,幸福家庭,迎接
女生频道,青春之放纵,姐弟合欢
女生频道,借种,豌豆荚
女生频道,艳情短篇合集,午夜人屠
女生频道,乡村乱情,苦心东子
女生频道,父女情,adams0740
女生频道,公车系列,未知
女生频道,短篇辣文合集,古萦
女生频道,乱交游乐园,媚心
女生频道,生而为欲,纯王肉酱
女生频道,美味儿媳2,梦筱二
女生频道,苏青玉穿越七零做知青全文,苏青玉
女生频道,春潮逆流,妧昭昭
女生频道,乡村乱情,春暖花开
女生频道,乱交游乐园,梧桐匣子
女生频道,覆雨翻云风流传,风流韩柏
女生频道,儿媳苏玥,夫子夫子
女生频道,可怜的社畜,东度日
女生频道,花落伴官途,叶无花
女生频道,清欲超市,龟甲
女生频道,扒灰系列,逆苍天
女生频道,极品丝袜小说集合,wkydsw
女生频道,黄蓉堕落史,小强
女生频道,赵氏嫡女赵姝玉 更新列表,一蓑烟雨
女生频道,善良的美人妻,大头哥哥
女生频道,吞噬星空2起源大陆,我吃西红柿
女生频道,老师，再来一次,软糖糖popo
女生频道,龙崽崽是清宫团宠, 慕离寒厉辰
女生频道,岁岁合欢,望舒
女生频道,被强上后我成瘾了,云朝雨暮
女生频道,瑜伽老师花样多,沈浩秦菲雪
女生频道,意恋征服系列,地风升
女生频道,被健身房教练秘密调教后,百无禁忌
女生频道,情乱山村,苦心东子
女生频道,女儿红+续篇：女儿娇,dahaison+loverbaby天堂圣客
女生频道,母爱往事,小野
女生频道,奶味正浓时,炖一碗汤
女生频道,阿宾正传,全文目录72
完本小说,美艳教师,温梦卿李小兵
完本小说,美艳教师,温梦卿老黄
完本小说,遮天,辰东
完本小说,女配逆袭,宁宛
完本小说,热夏,夏多布里昂
完本小说,苏青玉穿越七零做知青全文,苏青玉
完本小说,我在天庭和神君偷情的日子,电子小花
完本小说,幸福家庭,迎接
完本小说,吞噬星空,我吃西红柿
完本小说,剑道第一仙,萧瑾瑜
完本小说,苏晴的秘密,苏晴陆小伟
完本小说,借种,豌豆荚
完本小说,烂橙子,小嘿猫
完本小说,黑人与我妻之恩怨情仇,boxinglong123
完本小说,全职法师,乱
完本小说,儿媳之诱,马宏马老二
完本小说,催眠玩弄体院男神,瓷釉
完本小说,衔玉,长青长白
完本小说,深宅旧梦,zydzyd
完本小说,极品调教,好吃不过饺子
完本小说,诡秘之主,爱潜水的乌贼
完本小说,沁桃,么子么
完本小说,门卫老李,王强
完本小说,媚者无疆,txt无删减h部分的章节
完本小说,沦为玩具的公交女,南山海棠
完本小说,东北大炕,狗儿
完本小说,侯府诱春,皂罗袍
完本小说,优质roubang攻略系统,寀小花
完本小说,谁干小孕妇啊,早行1V1陈屿
完本小说,流氓老师,流氓-老师
完本小说,精养,容子君
完本小说,私人瑜伽教练,贴身教练
完本小说,床下不熟,啊肥阿
完本小说,奶味正浓时,炖一碗汤
完本小说,武林艳史,南宫羽
完本小说,放学等我,酱子贝
完本小说,勾引有妇之夫,西顾
完本小说,催眠指环,该账号不存在
完本小说,小欢喜之群芳乱欲,邓邓等凳凳
完本小说,小家碧玉,公主夜未眠
完本小说,一锅大肉乱炖合集,啊哈哈
完本小说,洪荒少年猎艳录,天地23
完本小说,深度按摩,鸦鸦吃素也吃肉
完本小说,短篇辣文合集,古萦
完本小说,都市奇缘,易天下
完本小说,艳情乡村,万鸟归软巢
完本小说,可怜的社畜,东度日
完本小说,凡人修仙传,忘语
完本小说,私人瑜伽教练,大林木
完本小说,大奉打更人,卖报小郎君
